VEI,f,cf,rf,crf
0,803,803,0.10510471204188482,0.10510471204188482
1,1227,2030,0.16060209424083768,0.2657068062827225
2,3727,5757,0.48782722513089005,0.7535340314136125
3,1133,6890,0.14829842931937173,0.9018324607329843
4,510,7400,0.06675392670157068,0.9685863874345549
5,180,7580,0.02356020942408377,0.9921465968586387
6,53,7633,0.00693717277486911,0.9990837696335079
7,7,7640,0.0009162303664921466,1.0
