VEI,f,cf,rf,crf
0,1007,1007,0.12154496077248039,0.12154496077248039
1,1384,2391,0.16704888352444175,0.28859384429692214
2,3991,6382,0.48171394085697045,0.7703077851538926
3,1152,7534,0.13904646952323477,0.9093542546771274
4,511,8045,0.06167773083886542,0.9710319855159928
5,180,8225,0.02172601086300543,0.9927579963789982
6,53,8278,0.006397103198551599,0.9991550995775498
7,7,8285,0.0008449004224502112,1.0
